{
  "connectdialog": {
    "title": "Connect to Server",
    "address": "Address",
    "port": "Port",
    "username": "Username",
    "password": "Password",
    "tokens": "Tokens",
    "remove": "Remove",
    "add": "Add",
    "cancel": "Cancel",
    "connect": "Connect",
    "error": {
      "title": "Failed to connect",
      "reason": {
        "refused": "The connection has been refused.",
        "version": "The server uses an incompatible version.",
        "username": "Your user name was rejected. Maybe try a different one?",
        "userpassword": "The given password is incorrect.\nThe user name you have chosen requires a special one.",
        "serverpassword": "The given password is incorrect.",
        "username_in_use": "The user name you have chosen is already in use.",
        "full": "The server is full.",
        "clientcert": "The server requires you to provide a client certificate which is not supported by this web application.",
        "server": "The server reports:"
      },
      "retry": "Retry",
      "cancel": "Cancel"
    }
  },
  "joindialog": {
    "title": "Mumble Voice Conference",
    "connect": "Join Conference"
  },
  "toolbar": {
    "orientation": "Switch Orientation",
    "connect": "Connection",
    "information": "Information",
    "mute": "Mute",
    "unmute": "Unmute",
    "deaf": "Deafen",
    "undeaf": "Undeafen",
    "record": "Record",
    "comment": "Comment",
    "settings": "Settings",
    "sourcecode": "Open Source Code"
  },
  "usercontextmenu": {
    "mute": "Mute",
    "deafen": "Deafen",
    "priority_speaker": "Priority Speaker",
    "local_mute": "Local Mute",
    "ignore_messages": "Ignore Messages",
    "view_comment": "View Comment",
    "change_comment": "Change Comment",
    "reset_comment": "Reset Comment",
    "view_avatar": "View Avatar",
    "change_avatar": "Change Avatar",
    "reset_avatar": "Reset Avatar",
    "send_message": "Send Message",
    "information": "Information",
    "self_mute": "Self Mute",
    "self_deafen": "Self Deafen",
    "add_friend": "Add Friend",
    "remove_friend": "Remove Friend"
  },
  "channelcontextmenu": {
    "join": "Join Channel",
    "add": "Add",
    "edit": "Edit",
    "remove": "Remove",
    "link": "Link",
    "unlink": "Unlink",
    "unlink_all": "Unlink All",
    "copy_mumble_url": "Copy Mumble URL",
    "copy_mumble_web_url": "Copy Mumble-Web URL",
    "send_message": "Send Message"
  },
  "logentry": {
    "connecting": "Connecting to server",
    "connected": "Connected!",
    "connection_error": "Connection error:",
    "connection_fallback_mode": "Server does not support WebRTC, re-trying in fallback mode..",
    "unknown_voice_mode": "Unknown voice mode:",
    "mic_init_error": "Cannot initialize user media. Microphone will not work:"
  },
  "chat": {
    "channel_message_placeholder": "Type message to channel '%1' here",
    "user_message_placeholder": "Type message to user '%1' here"
  }
}

